"id","code_reniec"
"ubigeos_010101","010101"
"ubigeos_010102","010102"
"ubigeos_010103","010103"
"ubigeos_010104","010104"
"ubigeos_010105","010105"
"ubigeos_010106","010106"
"ubigeos_010107","010107"
"ubigeos_010108","010108"
"ubigeos_010109","010109"
"ubigeos_010110","010110"
"ubigeos_010111","010111"
"ubigeos_010112","010112"
"ubigeos_010113","010113"
"ubigeos_010114","010114"
"ubigeos_010115","010115"
"ubigeos_010116","010116"
"ubigeos_010117","010117"
"ubigeos_010118","010118"
"ubigeos_010119","010119"
"ubigeos_010120","010120"
"ubigeos_010121","010121"
"ubigeos_010206","010201"
"ubigeos_010202","010202"
"ubigeos_010203","010203"
"ubigeos_010204","010204"
"ubigeos_010201","010205"
"ubigeos_010205","010206"
"ubigeos_010301","010301"
"ubigeos_010304","010302"
"ubigeos_010305","010303"
"ubigeos_010302","010304"
"ubigeos_010303","010305"
"ubigeos_010306","010306"
"ubigeos_010308","010307"
"ubigeos_010309","010308"
"ubigeos_010310","010309"
"ubigeos_010311","010310"
"ubigeos_010312","010311"
"ubigeos_010307","010312"
"ubigeos_010501","010401"
"ubigeos_010502","010402"
"ubigeos_010503","010403"
"ubigeos_010504","010404"
"ubigeos_010505","010405"
"ubigeos_010506","010406"
"ubigeos_010507","010407"
"ubigeos_010508","010408"
"ubigeos_010509","010409"
"ubigeos_010510","010410"
"ubigeos_010511","010411"
"ubigeos_010512","010412"
"ubigeos_010513","010413"
"ubigeos_010514","010414"
"ubigeos_010516","010415"
"ubigeos_010517","010416"
"ubigeos_010518","010417"
"ubigeos_010519","010418"
"ubigeos_010520","010419"
"ubigeos_010521","010420"
"ubigeos_010522","010421"
"ubigeos_010523","010422"
"ubigeos_010515","010423"
"ubigeos_010601","010501"
"ubigeos_010603","010502"
"ubigeos_010602","010503"
"ubigeos_010604","010504"
"ubigeos_010605","010505"
"ubigeos_010606","010506"
"ubigeos_010608","010507"
"ubigeos_010607","010508"
"ubigeos_010609","010509"
"ubigeos_010610","010510"
"ubigeos_010611","010511"
"ubigeos_010612","010512"
"ubigeos_010401","010601"
"ubigeos_010403","010602"
"ubigeos_010402","010603"
"ubigeos_010701","010701"
"ubigeos_010702","010702"
"ubigeos_010703","010703"
"ubigeos_010704","010704"
"ubigeos_010705","010705"
"ubigeos_010706","010706"
"ubigeos_010707","010707"
"ubigeos_020101","020101"
"ubigeos_020105","020102"
"ubigeos_020102","020103"
"ubigeos_020103","020104"
"ubigeos_020104","020105"
"ubigeos_020106","020106"
"ubigeos_020107","020107"
"ubigeos_020108","020108"
"ubigeos_020109","020109"
"ubigeos_020110","020110"
"ubigeos_020111","020111"
"ubigeos_020112","020112"
"ubigeos_020201","020201"
"ubigeos_020202","020203"
"ubigeos_020203","020205"
"ubigeos_020204","020206"
"ubigeos_020205","020208"
"ubigeos_020501","020301"
"ubigeos_020502","020302"
"ubigeos_020504","020304"
"ubigeos_020505","020305"
"ubigeos_020510","020310"
"ubigeos_020509","020311"
"ubigeos_020512","020313"
"ubigeos_020513","020315"
"ubigeos_020514","020317"
"ubigeos_020515","020320"
"ubigeos_020503","020321"
"ubigeos_020506","020322"
"ubigeos_020507","020323"
"ubigeos_020511","020324"
"ubigeos_020508","020325"
"ubigeos_020601","020401"
"ubigeos_020602","020402"
"ubigeos_020603","020403"
"ubigeos_020604","020404"
"ubigeos_020605","020405"
"ubigeos_020606","020406"
"ubigeos_020607","020407"
"ubigeos_020608","020408"
"ubigeos_020609","020409"
"ubigeos_020610","020410"
"ubigeos_020611","020411"
"ubigeos_020801","020501"
"ubigeos_020802","020502"
"ubigeos_020803","020503"
"ubigeos_020804","020505"
"ubigeos_020901","020601"
"ubigeos_020902","020602"
"ubigeos_020903","020603"
"ubigeos_020904","020604"
"ubigeos_020905","020605"
"ubigeos_020906","020606"
"ubigeos_020907","020607"
"ubigeos_021201","020701"
"ubigeos_021202","020702"
"ubigeos_021203","020703"
"ubigeos_021204","020704"
"ubigeos_021205","020705"
"ubigeos_021206","020706"
"ubigeos_021207","020707"
"ubigeos_021208","020708"
"ubigeos_021210","020709"
"ubigeos_021209","020710"
"ubigeos_021001","020801"
"ubigeos_021003","020802"
"ubigeos_021004","020803"
"ubigeos_021005","020804"
"ubigeos_021007","020805"
"ubigeos_021006","020806"
"ubigeos_021008","020807"
"ubigeos_021009","020808"
"ubigeos_021010","020809"
"ubigeos_021011","020810"
"ubigeos_021012","020811"
"ubigeos_021013","020812"
"ubigeos_021014","020813"
"ubigeos_021015","020814"
"ubigeos_021016","020815"
"ubigeos_021002","020816"
"ubigeos_021301","020901"
"ubigeos_021302","020902"
"ubigeos_021307","020903"
"ubigeos_021304","020904"
"ubigeos_021305","020905"
"ubigeos_021306","020906"
"ubigeos_021308","020907"
"ubigeos_021303","020908"
"ubigeos_021501","021001"
"ubigeos_021502","021002"
"ubigeos_021503","021003"
"ubigeos_021504","021004"
"ubigeos_021505","021005"
"ubigeos_021506","021006"
"ubigeos_021507","021007"
"ubigeos_021508","021008"
"ubigeos_021509","021009"
"ubigeos_021510","021010"
"ubigeos_021511","021011"
"ubigeos_021601","021101"
"ubigeos_021602","021102"
"ubigeos_021603","021103"
"ubigeos_021604","021104"
"ubigeos_021701","021201"
"ubigeos_021703","021202"
"ubigeos_021704","021203"
"ubigeos_021706","021204"
"ubigeos_021707","021205"
"ubigeos_021708","021206"
"ubigeos_021709","021207"
"ubigeos_021710","021208"
"ubigeos_021705","021209"
"ubigeos_021702","021210"
"ubigeos_021801","021301"
"ubigeos_021802","021302"
"ubigeos_021804","021303"
"ubigeos_021805","021304"
"ubigeos_021806","021305"
"ubigeos_021807","021306"
"ubigeos_021808","021307"
"ubigeos_021803","021308"
"ubigeos_021809","021309"
"ubigeos_021901","021401"
"ubigeos_021903","021402"
"ubigeos_021905","021403"
"ubigeos_021906","021404"
"ubigeos_021907","021405"
"ubigeos_021910","021406"
"ubigeos_021902","021407"
"ubigeos_021904","021408"
"ubigeos_021908","021409"
"ubigeos_021909","021410"
"ubigeos_022001","021501"
"ubigeos_022002","021502"
"ubigeos_022003","021503"
"ubigeos_022004","021504"
"ubigeos_022005","021505"
"ubigeos_022006","021506"
"ubigeos_022007","021507"
"ubigeos_022008","021508"
"ubigeos_020301","021601"
"ubigeos_020302","021602"
"ubigeos_020303","021603"
"ubigeos_020304","021604"
"ubigeos_020305","021605"
"ubigeos_020306","021606"
"ubigeos_020701","021701"
"ubigeos_020703","021702"
"ubigeos_020702","021703"
"ubigeos_020401","021801"
"ubigeos_020402","021802"
"ubigeos_021101","021901"
"ubigeos_021102","021902"
"ubigeos_021104","021903"
"ubigeos_021105","021904"
"ubigeos_021103","021905"
"ubigeos_021402","022001"
"ubigeos_021403","022002"
"ubigeos_021404","022003"
"ubigeos_021405","022004"
"ubigeos_021406","022005"
"ubigeos_021407","022006"
"ubigeos_021401","022007"
"ubigeos_021408","022008"
"ubigeos_021409","022009"
"ubigeos_021410","022010"
"ubigeos_030101","030101"
"ubigeos_030103","030102"
"ubigeos_030104","030103"
"ubigeos_030102","030104"
"ubigeos_030105","030105"
"ubigeos_030106","030106"
"ubigeos_030107","030107"
"ubigeos_030108","030108"
"ubigeos_030109","030109"
"ubigeos_030401","030201"
"ubigeos_030402","030202"
"ubigeos_030403","030203"
"ubigeos_030405","030204"
"ubigeos_030406","030205"
"ubigeos_030404","030206"
"ubigeos_030407","030207"
"ubigeos_030409","030208"
"ubigeos_030410","030209"
"ubigeos_030412","030210"
"ubigeos_030413","030211"
"ubigeos_030414","030212"
"ubigeos_030415","030213"
"ubigeos_030416","030214"
"ubigeos_030417","030215"
"ubigeos_030411","030216"
"ubigeos_030408","030217"
"ubigeos_030201","030301"
"ubigeos_030202","030302"
"ubigeos_030203","030303"
"ubigeos_030204","030304"
"ubigeos_030205","030305"
"ubigeos_030207","030306"
"ubigeos_030208","030307"
"ubigeos_030210","030308"
"ubigeos_030212","030309"
"ubigeos_030213","030310"
"ubigeos_030216","030311"
"ubigeos_030218","030312"
"ubigeos_030209","030313"
"ubigeos_030211","030314"
"ubigeos_030215","030315"
"ubigeos_030217","030316"
"ubigeos_030206","030317"
"ubigeos_030214","030318"
"ubigeos_030219","030319"
"ubigeos_030220","030320"
"ubigeos_030301","030401"
"ubigeos_030302","030402"
"ubigeos_030303","030403"
"ubigeos_030304","030404"
"ubigeos_030305","030405"
"ubigeos_030306","030406"
"ubigeos_030307","030407"
"ubigeos_030501","030501"
"ubigeos_030503","030502"
"ubigeos_030502","030503"
"ubigeos_030504","030504"
"ubigeos_030505","030505"
"ubigeos_030506","030506"
"ubigeos_030701","030601"
"ubigeos_030702","030602"
"ubigeos_030704","030603"
"ubigeos_030705","030604"
"ubigeos_030703","030605"
"ubigeos_030706","030606"
"ubigeos_030708","030607"
"ubigeos_030707","030608"
"ubigeos_030709","030609"
"ubigeos_030711","030610"
"ubigeos_030712","030611"
"ubigeos_030713","030612"
"ubigeos_030710","030613"
"ubigeos_030714","030614"
"ubigeos_030601","030701"
"ubigeos_030606","030702"
"ubigeos_030605","030703"
"ubigeos_030603","030704"
"ubigeos_030602","030705"
"ubigeos_030604","030706"
"ubigeos_030607","030707"
"ubigeos_030608","030708"
"ubigeos_030609","030709"
"ubigeos_030610","030710"
"ubigeos_030611","030711"
"ubigeos_040101","040101"
"ubigeos_040103","040102"
"ubigeos_040104","040103"
"ubigeos_040105","040104"
"ubigeos_040106","040105"
"ubigeos_040108","040106"
"ubigeos_040110","040107"
"ubigeos_040111","040108"
"ubigeos_040112","040109"
"ubigeos_040113","040110"
"ubigeos_040114","040111"
"ubigeos_040115","040112"
"ubigeos_040116","040113"
"ubigeos_040117","040114"
"ubigeos_040118","040115"
"ubigeos_040119","040116"
"ubigeos_040120","040117"
"ubigeos_040121","040118"
"ubigeos_040122","040119"
"ubigeos_040123","040120"
"ubigeos_040124","040121"
"ubigeos_040125","040122"
"ubigeos_040126","040123"
"ubigeos_040127","040124"
"ubigeos_040128","040125"
"ubigeos_040109","040126"
"ubigeos_040107","040127"
"ubigeos_040102","040128"
"ubigeos_040129","040129"
"ubigeos_040501","040201"
"ubigeos_040502","040202"
"ubigeos_040503","040203"
"ubigeos_040505","040204"
"ubigeos_040504","040205"
"ubigeos_040506","040206"
"ubigeos_040507","040207"
"ubigeos_040508","040208"
"ubigeos_040509","040209"
"ubigeos_040510","040210"
"ubigeos_040511","040211"
"ubigeos_040512","040212"
"ubigeos_040513","040213"
"ubigeos_040514","040214"
"ubigeos_040515","040215"
"ubigeos_040516","040216"
"ubigeos_040517","040217"
"ubigeos_040518","040218"
"ubigeos_040519","040219"
"ubigeos_040520","040220"
"ubigeos_040201","040301"
"ubigeos_040202","040302"
"ubigeos_040203","040303"
"ubigeos_040204","040304"
"ubigeos_040205","040305"
"ubigeos_040206","040306"
"ubigeos_040207","040307"
"ubigeos_040208","040308"
"ubigeos_040301","040401"
"ubigeos_040302","040402"
"ubigeos_040303","040403"
"ubigeos_040304","040404"
"ubigeos_040305","040405"
"ubigeos_040306","040406"
"ubigeos_040307","040407"
"ubigeos_040308","040408"
"ubigeos_040309","040409"
"ubigeos_040310","040410"
"ubigeos_040311","040411"
"ubigeos_040312","040412"
"ubigeos_040313","040413"
"ubigeos_040401","040501"
"ubigeos_040402","040502"
"ubigeos_040403","040503"
"ubigeos_040404","040504"
"ubigeos_040405","040505"
"ubigeos_040406","040506"
"ubigeos_040407","040507"
"ubigeos_040408","040508"
"ubigeos_040409","040509"
"ubigeos_040410","040510"
"ubigeos_040411","040511"
"ubigeos_040413","040512"
"ubigeos_040412","040513"
"ubigeos_040414","040514"
"ubigeos_040601","040601"
"ubigeos_040602","040602"
"ubigeos_040603","040603"
"ubigeos_040604","040604"
"ubigeos_040605","040605"
"ubigeos_040607","040606"
"ubigeos_040608","040607"
"ubigeos_040606","040608"
"ubigeos_040701","040701"
"ubigeos_040702","040702"
"ubigeos_040703","040703"
"ubigeos_040704","040704"
"ubigeos_040705","040705"
"ubigeos_040706","040706"
"ubigeos_040801","040801"
"ubigeos_040802","040802"
"ubigeos_040803","040803"
"ubigeos_040804","040804"
"ubigeos_040805","040805"
"ubigeos_040806","040806"
"ubigeos_040807","040807"
"ubigeos_040808","040808"
"ubigeos_040809","040809"
"ubigeos_040810","040810"
"ubigeos_040811","040811"
"ubigeos_050101","050101"
"ubigeos_050103","050102"
"ubigeos_050104","050103"
"ubigeos_050105","050104"
"ubigeos_050108","050105"
"ubigeos_050109","050106"
"ubigeos_050110","050107"
"ubigeos_050111","050108"
"ubigeos_050114","050109"
"ubigeos_050113","050110"
"ubigeos_050102","050111"
"ubigeos_050112","050112"
"ubigeos_050106","050113"
"ubigeos_050107","050114"
"ubigeos_050115","050115"
"ubigeos_050116","050116"
"ubigeos_050201","050201"
"ubigeos_050202","050204"
"ubigeos_050203","050206"
"ubigeos_050205","050207"
"ubigeos_050206","050208"
"ubigeos_050204","050211"
"ubigeos_050401","050301"
"ubigeos_050402","050302"
"ubigeos_050403","050303"
"ubigeos_050404","050304"
"ubigeos_050405","050305"
"ubigeos_050406","050307"
"ubigeos_050407","050308"
"ubigeos_050408","050309"
"ubigeos_050409","050310"
"ubigeos_050410","050311"
"ubigeos_050411","050312"
"ubigeos_050412","050313"
"ubigeos_050501","050401"
"ubigeos_050502","050402"
"ubigeos_050503","050403"
"ubigeos_050504","050404"
"ubigeos_050505","050405"
"ubigeos_050508","050406"
"ubigeos_050506","050407"
"ubigeos_050507","050408"
"ubigeos_050509","050409"
"ubigeos_050510","050410"
"ubigeos_050511","050411"
"ubigeos_050601","050501"
"ubigeos_050602","050502"
"ubigeos_050603","050503"
"ubigeos_050604","050504"
"ubigeos_050605","050506"
"ubigeos_050606","050508"
"ubigeos_050607","050510"
"ubigeos_050608","050511"
"ubigeos_050609","050512"
"ubigeos_050611","050513"
"ubigeos_050610","050514"
"ubigeos_050612","050516"
"ubigeos_050613","050517"
"ubigeos_050619","050520"
"ubigeos_050616","050521"
"ubigeos_050617","050522"
"ubigeos_050620","050524"
"ubigeos_050621","050525"
"ubigeos_050614","050529"
"ubigeos_050618","050531"
"ubigeos_050615","050532"
"ubigeos_050701","050601"
"ubigeos_050703","050604"
"ubigeos_050702","050605"
"ubigeos_050704","050608"
"ubigeos_050705","050611"
"ubigeos_050706","050612"
"ubigeos_050707","050615"
"ubigeos_050708","050616"
"ubigeos_051001","050701"
"ubigeos_051002","050702"
"ubigeos_051003","050703"
"ubigeos_051005","050704"
"ubigeos_051006","050706"
"ubigeos_051007","050707"
"ubigeos_051010","050708"
"ubigeos_051008","050709"
"ubigeos_051009","050710"
"ubigeos_051011","050713"
"ubigeos_051012","050714"
"ubigeos_051004","050715"
"ubigeos_050301","050801"
"ubigeos_050303","050802"
"ubigeos_050304","050803"
"ubigeos_050302","050804"
"ubigeos_051101","050901"
"ubigeos_051108","050902"
"ubigeos_051102","050903"
"ubigeos_051103","050904"
"ubigeos_051104","050905"
"ubigeos_051105","050906"
"ubigeos_051107","050907"
"ubigeos_051106","050908"
"ubigeos_050801","051001"
"ubigeos_050802","051002"
"ubigeos_050803","051003"
"ubigeos_050804","051004"
"ubigeos_050805","051005"
"ubigeos_050806","051006"
"ubigeos_050807","051007"
"ubigeos_050808","051008"
"ubigeos_050809","051009"
"ubigeos_050810","051010"
"ubigeos_050901","051101"
"ubigeos_050902","051102"
"ubigeos_050903","051103"
"ubigeos_050909","051104"
"ubigeos_050907","051105"
"ubigeos_050910","051106"
"ubigeos_050908","051107"
"ubigeos_050911","051108"
"ubigeos_050905","051109"
"ubigeos_050904","051110"
"ubigeos_050906","051111"
"ubigeos_060101","060101"
"ubigeos_060102","060102"
"ubigeos_060104","060103"
"ubigeos_060103","060104"
"ubigeos_060105","060105"
"ubigeos_060106","060106"
"ubigeos_060108","060107"
"ubigeos_060107","060108"
"ubigeos_060109","060109"
"ubigeos_060110","060110"
"ubigeos_060111","060111"
"ubigeos_060112","060112"
"ubigeos_060201","060201"
"ubigeos_060202","060202"
"ubigeos_060203","060203"
"ubigeos_060204","060205"
"ubigeos_060301","060301"
"ubigeos_060303","060302"
"ubigeos_060302","060303"
"ubigeos_060304","060304"
"ubigeos_060305","060305"
"ubigeos_060306","060306"
"ubigeos_060307","060307"
"ubigeos_060308","060308"
"ubigeos_060309","060309"
"ubigeos_060310","060310"
"ubigeos_060311","060311"
"ubigeos_060312","060312"
"ubigeos_060501","060401"
"ubigeos_060502","060403"
"ubigeos_060504","060404"
"ubigeos_060505","060405"
"ubigeos_060503","060406"
"ubigeos_060507","060407"
"ubigeos_060508","060408"
"ubigeos_060506","060409"
"ubigeos_060601","060501"
"ubigeos_060602","060502"
"ubigeos_060604","060503"
"ubigeos_060603","060504"
"ubigeos_060605","060505"
"ubigeos_060606","060506"
"ubigeos_060607","060507"
"ubigeos_060608","060508"
"ubigeos_060609","060509"
"ubigeos_060610","060510"
"ubigeos_060611","060511"
"ubigeos_060612","060512"
"ubigeos_060613","060513"
"ubigeos_060614","060514"
"ubigeos_060615","060515"
"ubigeos_060401","060601"
"ubigeos_060402","060602"
"ubigeos_060407","060603"
"ubigeos_060408","060604"
"ubigeos_060403","060605"
"ubigeos_060404","060606"
"ubigeos_060405","060607"
"ubigeos_060409","060608"
"ubigeos_060410","060609"
"ubigeos_060411","060610"
"ubigeos_060412","060611"
"ubigeos_060413","060612"
"ubigeos_060414","060613"
"ubigeos_060415","060614"
"ubigeos_060417","060615"
"ubigeos_060418","060616"
"ubigeos_060416","060617"
"ubigeos_060406","060618"
"ubigeos_060419","060619"
"ubigeos_060701","060701"
"ubigeos_060702","060702"
"ubigeos_060703","060703"
"ubigeos_060801","060801"
"ubigeos_060802","060802"
"ubigeos_060804","060803"
"ubigeos_060803","060804"
"ubigeos_060807","060805"
"ubigeos_060808","060806"
"ubigeos_060809","060807"
"ubigeos_060810","060808"
"ubigeos_060811","060809"
"ubigeos_060812","060810"
"ubigeos_060806","060811"
"ubigeos_060805","060812"
"ubigeos_061301","060901"
"ubigeos_061303","060902"
"ubigeos_061304","060903"
"ubigeos_061305","060904"
"ubigeos_061306","060905"
"ubigeos_061307","060906"
"ubigeos_061309","060907"
"ubigeos_061310","060908"
"ubigeos_061311","060909"
"ubigeos_061302","060910"
"ubigeos_061308","060911"
"ubigeos_061101","061001"
"ubigeos_061103","061002"
"ubigeos_061106","061003"
"ubigeos_061107","061004"
"ubigeos_061108","061005"
"ubigeos_061109","061006"
"ubigeos_061110","061007"
"ubigeos_061111","061008"
"ubigeos_061105","061009"
"ubigeos_061113","061010"
"ubigeos_061112","061011"
"ubigeos_061104","061012"
"ubigeos_061102","061013"
"ubigeos_060901","061101"
"ubigeos_060902","061102"
"ubigeos_060903","061103"
"ubigeos_060905","061104"
"ubigeos_060904","061105"
"ubigeos_060906","061106"
"ubigeos_060907","061107"
"ubigeos_061001","061201"
"ubigeos_061005","061202"
"ubigeos_061004","061203"
"ubigeos_061006","061204"
"ubigeos_061003","061205"
"ubigeos_061007","061206"
"ubigeos_061002","061207"
"ubigeos_061201","061301"
"ubigeos_061202","061302"
"ubigeos_061203","061303"
"ubigeos_061204","061304"
"ubigeos_080101","070101"
"ubigeos_080102","070102"
"ubigeos_080103","070103"
"ubigeos_080104","070104"
"ubigeos_080105","070105"
"ubigeos_080106","070106"
"ubigeos_080107","070107"
"ubigeos_080108","070108"
"ubigeos_080201","070201"
"ubigeos_080202","070202"
"ubigeos_080203","070203"
"ubigeos_080205","070204"
"ubigeos_080206","070205"
"ubigeos_080207","070206"
"ubigeos_080204","070207"
"ubigeos_080301","070301"
"ubigeos_080304","070302"
"ubigeos_080305","070303"
"ubigeos_080306","070304"
"ubigeos_080307","070305"
"ubigeos_080308","070306"
"ubigeos_080309","070307"
"ubigeos_080303","070308"
"ubigeos_080302","070309"
"ubigeos_080401","070401"
"ubigeos_080402","070402"
"ubigeos_080403","070403"
"ubigeos_080404","070404"
"ubigeos_080405","070405"
"ubigeos_080406","070406"
"ubigeos_080407","070407"
"ubigeos_080408","070408"
"ubigeos_080501","070501"
"ubigeos_080502","070502"
"ubigeos_080503","070503"
"ubigeos_080504","070504"
"ubigeos_080505","070505"
"ubigeos_080506","070506"
"ubigeos_080507","070507"
"ubigeos_080508","070508"
"ubigeos_080601","070601"
"ubigeos_080603","070602"
"ubigeos_080602","070603"
"ubigeos_080604","070604"
"ubigeos_080605","070605"
"ubigeos_080606","070606"
"ubigeos_080607","070607"
"ubigeos_080608","070608"
"ubigeos_080701","070701"
"ubigeos_080702","070702"
"ubigeos_080704","070703"
"ubigeos_080703","070704"
"ubigeos_080705","070705"
"ubigeos_080706","070706"
"ubigeos_080707","070707"
"ubigeos_080708","070708"
"ubigeos_080801","070801"
"ubigeos_080802","070802"
"ubigeos_080803","070803"
"ubigeos_080804","070804"
"ubigeos_080805","070805"
"ubigeos_080806","070806"
"ubigeos_080807","070807"
"ubigeos_080808","070808"
"ubigeos_080901","070901"
"ubigeos_080902","070902"
"ubigeos_080903","070903"
"ubigeos_080904","070904"
"ubigeos_080905","070905"
"ubigeos_080908","070906"
"ubigeos_080909","070907"
"ubigeos_080906","070908"
"ubigeos_080907","070909"
"ubigeos_080910","070910"
"ubigeos_080911","070911"
"ubigeos_080912","070912"
"ubigeos_080913","070913"
"ubigeos_080914","070915"
"ubigeos_081001","071001"
"ubigeos_081002","071002"
"ubigeos_081003","071003"
"ubigeos_081004","071004"
"ubigeos_081005","071005"
"ubigeos_081006","071006"
"ubigeos_081009","071007"
"ubigeos_081007","071008"
"ubigeos_081008","071009"
"ubigeos_081101","071101"
"ubigeos_081102","071102"
"ubigeos_081104","071103"
"ubigeos_081103","071104"
"ubigeos_081106","071105"
"ubigeos_081105","071106"
"ubigeos_081201","071201"
"ubigeos_081202","071202"
"ubigeos_081203","071203"
"ubigeos_081204","071204"
"ubigeos_081205","071205"
"ubigeos_081206","071206"
"ubigeos_081207","071207"
"ubigeos_081208","071208"
"ubigeos_081209","071209"
"ubigeos_081210","071210"
"ubigeos_081211","071211"
"ubigeos_081212","071212"
"ubigeos_081301","071301"
"ubigeos_081302","071302"
"ubigeos_081303","071303"
"ubigeos_081304","071304"
"ubigeos_081305","071305"
"ubigeos_081306","071306"
"ubigeos_081307","071307"
"ubigeos_090101","080101"
"ubigeos_090102","080102"
"ubigeos_090103","080103"
"ubigeos_090104","080104"
"ubigeos_090105","080105"
"ubigeos_090106","080106"
"ubigeos_090107","080108"
"ubigeos_090108","080109"
"ubigeos_090109","080110"
"ubigeos_090110","080111"
"ubigeos_090111","080112"
"ubigeos_090112","080113"
"ubigeos_090113","080114"
"ubigeos_090114","080115"
"ubigeos_090115","080116"
"ubigeos_090116","080117"
"ubigeos_090117","080118"
"ubigeos_090118","080119"
"ubigeos_090119","080120"
"ubigeos_090201","080201"
"ubigeos_090203","080202"
"ubigeos_090202","080203"
"ubigeos_090204","080204"
"ubigeos_090205","080205"
"ubigeos_090206","080206"
"ubigeos_090207","080207"
"ubigeos_090208","080208"
"ubigeos_090301","080301"
"ubigeos_090302","080302"
"ubigeos_090303","080303"
"ubigeos_090306","080304"
"ubigeos_090305","080305"
"ubigeos_090308","080306"
"ubigeos_090307","080307"
"ubigeos_090309","080308"
"ubigeos_090310","080309"
"ubigeos_090311","080310"
"ubigeos_090312","080311"
"ubigeos_090304","080312"
"ubigeos_090401","080401"
"ubigeos_090402","080402"
"ubigeos_090403","080403"
"ubigeos_090404","080405"
"ubigeos_090406","080406"
"ubigeos_090405","080408"
"ubigeos_090407","080409"
"ubigeos_090408","080410"
"ubigeos_090409","080414"
"ubigeos_090410","080422"
"ubigeos_090412","080427"
"ubigeos_090413","080428"
"ubigeos_090411","080429"
"ubigeos_090701","080501"
"ubigeos_090702","080502"
"ubigeos_090703","080503"
"ubigeos_090704","080504"
"ubigeos_090705","080506"
"ubigeos_090706","080509"
"ubigeos_090707","080511"
"ubigeos_090709","080512"
"ubigeos_090710","080515"
"ubigeos_090711","080517"
"ubigeos_090713","080518"
"ubigeos_090714","080519"
"ubigeos_090716","080520"
"ubigeos_090717","080523"
"ubigeos_090718","080525"
"ubigeos_090715","080526"
"ubigeos_090719","080528"
"ubigeos_090720","080529"
"ubigeos_090721","080530"
"ubigeos_090722","080531"
"ubigeos_090723","080532"
"ubigeos_090602","080601"
"ubigeos_090603","080602"
"ubigeos_090604","080603"
"ubigeos_090601","080604"
"ubigeos_090605","080605"
"ubigeos_090606","080606"
"ubigeos_090607","080607"
"ubigeos_090608","080608"
"ubigeos_090609","080609"
"ubigeos_090610","080610"
"ubigeos_090611","080611"
"ubigeos_090612","080612"
"ubigeos_090613","080613"
"ubigeos_090614","080614"
"ubigeos_090615","080615"
"ubigeos_090616","080616"
"ubigeos_090501","080701"
"ubigeos_090502","080702"
"ubigeos_090503","080703"
"ubigeos_090504","080704"
"ubigeos_090505","080705"
"ubigeos_090506","080706"
"ubigeos_090507","080707"
"ubigeos_090508","080708"
"ubigeos_090509","080709"
"ubigeos_090510","080710"
"ubigeos_090511","080711"
"ubigeos_100101","090101"
"ubigeos_100103","090102"
"ubigeos_100104","090103"
"ubigeos_100105","090104"
"ubigeos_100106","090105"
"ubigeos_100107","090106"
"ubigeos_100108","090107"
"ubigeos_100109","090108"
"ubigeos_100110","090109"
"ubigeos_100102","090110"
"ubigeos_100111","090111"
"ubigeos_100112","090112"
"ubigeos_100113","090113"
"ubigeos_100201","090201"
"ubigeos_100202","090202"
"ubigeos_100203","090203"
"ubigeos_100204","090204"
"ubigeos_100205","090205"
"ubigeos_100206","090206"
"ubigeos_100207","090207"
"ubigeos_100208","090208"
"ubigeos_100301","090301"
"ubigeos_100307","090307"
"ubigeos_100311","090312"
"ubigeos_100313","090314"
"ubigeos_100316","090316"
"ubigeos_100317","090317"
"ubigeos_100321","090321"
"ubigeos_100322","090322"
"ubigeos_100323","090323"
"ubigeos_100501","090401"
"ubigeos_100502","090402"
"ubigeos_100503","090403"
"ubigeos_100504","090404"
"ubigeos_100505","090405"
"ubigeos_100506","090406"
"ubigeos_100507","090407"
"ubigeos_100508","090408"
"ubigeos_100509","090409"
"ubigeos_100510","090410"
"ubigeos_100511","090411"
"ubigeos_100701","090501"
"ubigeos_100702","090502"
"ubigeos_100703","090505"
"ubigeos_100704","090506"
"ubigeos_100705","090507"
"ubigeos_100601","090601"
"ubigeos_100602","090602"
"ubigeos_100603","090603"
"ubigeos_100605","090604"
"ubigeos_100606","090605"
"ubigeos_100604","090606"
"ubigeos_100607","090607"
"ubigeos_100608","090608"
"ubigeos_100609","090609"
"ubigeos_100610","090610"
"ubigeos_100801","090701"
"ubigeos_100802","090702"
"ubigeos_100803","090704"
"ubigeos_100804","090706"
"ubigeos_100903","090801"
"ubigeos_100901","090802"
"ubigeos_100902","090803"
"ubigeos_100904","090804"
"ubigeos_100905","090805"
"ubigeos_100401","090901"
"ubigeos_100404","090902"
"ubigeos_100402","090903"
"ubigeos_100403","090904"
"ubigeos_101001","091001"
"ubigeos_101002","091002"
"ubigeos_101006","091003"
"ubigeos_101004","091004"
"ubigeos_101007","091005"
"ubigeos_101005","091006"
"ubigeos_101003","091007"
"ubigeos_101101","091101"
"ubigeos_101104","091102"
"ubigeos_101102","091103"
"ubigeos_101103","091104"
"ubigeos_101105","091105"
"ubigeos_101106","091106"
"ubigeos_101107","091107"
"ubigeos_101108","091108"
"ubigeos_110101","100101"
"ubigeos_110102","100102"
"ubigeos_110103","100103"
"ubigeos_110106","100104"
"ubigeos_110107","100105"
"ubigeos_110108","100106"
"ubigeos_110109","100107"
"ubigeos_110110","100108"
"ubigeos_110111","100109"
"ubigeos_110112","100110"
"ubigeos_110114","100111"
"ubigeos_110113","100112"
"ubigeos_110105","100113"
"ubigeos_110104","100114"
"ubigeos_110201","100201"
"ubigeos_110203","100202"
"ubigeos_110204","100203"
"ubigeos_110205","100204"
"ubigeos_110206","100205"
"ubigeos_110209","100206"
"ubigeos_110210","100207"
"ubigeos_110211","100208"
"ubigeos_110202","100209"
"ubigeos_110207","100210"
"ubigeos_110208","100211"
"ubigeos_110301","100301"
"ubigeos_110302","100302"
"ubigeos_110303","100303"
"ubigeos_110304","100304"
"ubigeos_110305","100305"
"ubigeos_110501","100401"
"ubigeos_110502","100402"
"ubigeos_110503","100403"
"ubigeos_110504","100404"
"ubigeos_110505","100405"
"ubigeos_110506","100406"
"ubigeos_110507","100407"
"ubigeos_110508","100408"
"ubigeos_110401","100501"
"ubigeos_110402","100502"
"ubigeos_110403","100503"
"ubigeos_110404","100504"
"ubigeos_110405","100505"
"ubigeos_120101","110101"
"ubigeos_120104","110103"
"ubigeos_120112","110104"
"ubigeos_120113","110105"
"ubigeos_120105","110106"
"ubigeos_120106","110107"
"ubigeos_120107","110108"
"ubigeos_120108","110109"
"ubigeos_120111","110112"
"ubigeos_120114","110113"
"ubigeos_120116","110114"
"ubigeos_120117","110116"
"ubigeos_120119","110118"
"ubigeos_120120","110119"
"ubigeos_120121","110120"
"ubigeos_120122","110121"
"ubigeos_120124","110122"
"ubigeos_120125","110123"
"ubigeos_120126","110124"
"ubigeos_120127","110125"
"ubigeos_120128","110126"
"ubigeos_120129","110127"
"ubigeos_120130","110128"
"ubigeos_120135","110131"
"ubigeos_120132","110132"
"ubigeos_120133","110133"
"ubigeos_120134","110134"
"ubigeos_120136","110136"
"ubigeos_120201","110201"
"ubigeos_120202","110202"
"ubigeos_120203","110203"
"ubigeos_120206","110204"
"ubigeos_120205","110205"
"ubigeos_120204","110206"
"ubigeos_120207","110207"
"ubigeos_120208","110208"
"ubigeos_120209","110209"
"ubigeos_120210","110210"
"ubigeos_120211","110211"
"ubigeos_120212","110212"
"ubigeos_120213","110213"
"ubigeos_120215","110214"
"ubigeos_120214","110215"
"ubigeos_120401","110301"
"ubigeos_120402","110302"
"ubigeos_120403","110303"
"ubigeos_120404","110304"
"ubigeos_120405","110305"
"ubigeos_120407","110306"
"ubigeos_120408","110307"
"ubigeos_120409","110308"
"ubigeos_120410","110309"
"ubigeos_120411","110310"
"ubigeos_120412","110311"
"ubigeos_120413","110312"
"ubigeos_120414","110313"
"ubigeos_120415","110314"
"ubigeos_120416","110315"
"ubigeos_120418","110316"
"ubigeos_120419","110317"
"ubigeos_120420","110318"
"ubigeos_120421","110319"
"ubigeos_120422","110320"
"ubigeos_120423","110321"
"ubigeos_120424","110322"
"ubigeos_120425","110323"
"ubigeos_120426","110324"
"ubigeos_120427","110325"
"ubigeos_120428","110326"
"ubigeos_120429","110327"
"ubigeos_120431","110328"
"ubigeos_120432","110329"
"ubigeos_120433","110330"
"ubigeos_120406","110331"
"ubigeos_120417","110332"
"ubigeos_120430","110333"
"ubigeos_120434","110334"
"ubigeos_120501","110401"
"ubigeos_120502","110402"
"ubigeos_120503","110403"
"ubigeos_120504","110404"
"ubigeos_120701","110501"
"ubigeos_120702","110502"
"ubigeos_120703","110503"
"ubigeos_120704","110504"
"ubigeos_120705","110505"
"ubigeos_120706","110506"
"ubigeos_120707","110507"
"ubigeos_120708","110508"
"ubigeos_120709","110509"
"ubigeos_120801","110601"
"ubigeos_120802","110602"
"ubigeos_120803","110603"
"ubigeos_120804","110604"
"ubigeos_120805","110605"
"ubigeos_120806","110606"
"ubigeos_120807","110607"
"ubigeos_120809","110608"
"ubigeos_120810","110609"
"ubigeos_120808","110610"
"ubigeos_120601","110701"
"ubigeos_120602","110702"
"ubigeos_120603","110703"
"ubigeos_120604","110704"
"ubigeos_120605","110705"
"ubigeos_120606","110706"
"ubigeos_120607","110707"
"ubigeos_120608","110708"
"ubigeos_120609","110709"
"ubigeos_120301","110801"
"ubigeos_120305","110802"
"ubigeos_120306","110803"
"ubigeos_120304","110804"
"ubigeos_120303","110805"
"ubigeos_120302","110806"
"ubigeos_120901","110901"
"ubigeos_120902","110902"
"ubigeos_120903","110903"
"ubigeos_120904","110904"
"ubigeos_120905","110905"
"ubigeos_120906","110906"
"ubigeos_120907","110907"
"ubigeos_120908","110908"
"ubigeos_120909","110909"
"ubigeos_130101","120101"
"ubigeos_130104","120102"
"ubigeos_130106","120103"
"ubigeos_130107","120104"
"ubigeos_130109","120105"
"ubigeos_130110","120106"
"ubigeos_130111","120107"
"ubigeos_130108","120109"
"ubigeos_130102","120110"
"ubigeos_130105","120111"
"ubigeos_130103","120112"
"ubigeos_130301","120201"
"ubigeos_130302","120202"
"ubigeos_130303","120203"
"ubigeos_130304","120204"
"ubigeos_130306","120205"
"ubigeos_130305","120206"
"ubigeos_130901","120301"
"ubigeos_130903","120302"
"ubigeos_130904","120303"
"ubigeos_130902","120304"
"ubigeos_130905","120305"
"ubigeos_130906","120306"
"ubigeos_130907","120307"
"ubigeos_130908","120308"
"ubigeos_130601","120401"
"ubigeos_130602","120402"
"ubigeos_130604","120403"
"ubigeos_130605","120404"
"ubigeos_130606","120405"
"ubigeos_130610","120408"
"ubigeos_130611","120409"
"ubigeos_130613","120410"
"ubigeos_130614","120411"
"ubigeos_130608","120413"
"ubigeos_130701","120501"
"ubigeos_130702","120503"
"ubigeos_130703","120504"
"ubigeos_130704","120506"
"ubigeos_130705","120508"
"ubigeos_130801","120601"
"ubigeos_130802","120602"
"ubigeos_130803","120603"
"ubigeos_130805","120604"
"ubigeos_130804","120605"
"ubigeos_130806","120606"
"ubigeos_130807","120607"
"ubigeos_130808","120608"
"ubigeos_130809","120609"
"ubigeos_130810","120610"
"ubigeos_130812","120611"
"ubigeos_130813","120612"
"ubigeos_130811","120613"
"ubigeos_131001","120701"
"ubigeos_131003","120702"
"ubigeos_131004","120703"
"ubigeos_131005","120704"
"ubigeos_131006","120705"
"ubigeos_131007","120706"
"ubigeos_131008","120707"
"ubigeos_131002","120708"
"ubigeos_130201","120801"
"ubigeos_130202","120802"
"ubigeos_130203","120803"
"ubigeos_130207","120804"
"ubigeos_130204","120805"
"ubigeos_130205","120806"
"ubigeos_130206","120807"
"ubigeos_130208","120808"
"ubigeos_130401","120901"
"ubigeos_130402","120902"
"ubigeos_130403","120903"
"ubigeos_130501","121001"
"ubigeos_130503","121002"
"ubigeos_130502","121003"
"ubigeos_130504","121004"
"ubigeos_131101","121101"
"ubigeos_131102","121102"
"ubigeos_131103","121103"
"ubigeos_131104","121104"
"ubigeos_131201","121201"
"ubigeos_131202","121202"
"ubigeos_131203","121203"
"ubigeos_140101","130101"
"ubigeos_140102","130102"
"ubigeos_140103","130103"
"ubigeos_140104","130104"
"ubigeos_140107","130105"
"ubigeos_140108","130106"
"ubigeos_140109","130107"
"ubigeos_140110","130108"
"ubigeos_140111","130109"
"ubigeos_140112","130110"
"ubigeos_140113","130111"
"ubigeos_140105","130112"
"ubigeos_140114","130113"
"ubigeos_140115","130114"
"ubigeos_140106","130115"
"ubigeos_140116","130116"
"ubigeos_140117","130117"
"ubigeos_140118","130118"
"ubigeos_140119","130119"
"ubigeos_140120","130120"
"ubigeos_140201","130201"
"ubigeos_140203","130202"
"ubigeos_140202","130203"
"ubigeos_140205","130204"
"ubigeos_140206","130205"
"ubigeos_140204","130206"
"ubigeos_140301","130301"
"ubigeos_140302","130302"
"ubigeos_140303","130303"
"ubigeos_140304","130304"
"ubigeos_140305","130305"
"ubigeos_140306","130306"
"ubigeos_140307","130307"
"ubigeos_140308","130308"
"ubigeos_140309","130309"
"ubigeos_140310","130310"
"ubigeos_140311","130311"
"ubigeos_140312","130312"
"ubigeos_150101","140101"
"ubigeos_150102","140102"
"ubigeos_150103","140103"
"ubigeos_150105","140104"
"ubigeos_150106","140105"
"ubigeos_150110","140106"
"ubigeos_150107","140107"
"ubigeos_150108","140108"
"ubigeos_150115","140109"
"ubigeos_150114","140110"
"ubigeos_150116","140111"
"ubigeos_150118","140112"
"ubigeos_150119","140113"
"ubigeos_150120","140114"
"ubigeos_150122","140115"
"ubigeos_150123","140116"
"ubigeos_150121","140117"
"ubigeos_150124","140118"
"ubigeos_150125","140119"
"ubigeos_150126","140120"
"ubigeos_150127","140121"
"ubigeos_150128","140122"
"ubigeos_150129","140123"
"ubigeos_150131","140124"
"ubigeos_150104","140125"
"ubigeos_150135","140126"
"ubigeos_150136","140127"
"ubigeos_150138","140128"
"ubigeos_150139","140129"
"ubigeos_150140","140130"
"ubigeos_150141","140131"
"ubigeos_150143","140132"
"ubigeos_150113","140133"
"ubigeos_150112","140134"
"ubigeos_150111","140135"
"ubigeos_150133","140136"
"ubigeos_150132","140137"
"ubigeos_150134","140138"
"ubigeos_150109","140139"
"ubigeos_150130","140140"
"ubigeos_150142","140141"
"ubigeos_150117","140142"
"ubigeos_150137","140143"
"ubigeos_150301","140201"
"ubigeos_150302","140205"
"ubigeos_150303","140206"
"ubigeos_150304","140207"
"ubigeos_150305","140208"
"ubigeos_150401","140301"
"ubigeos_150402","140302"
"ubigeos_150403","140303"
"ubigeos_150404","140304"
"ubigeos_150405","140305"
"ubigeos_150406","140306"
"ubigeos_150407","140307"
"ubigeos_150501","140401"
"ubigeos_150503","140402"
"ubigeos_150504","140403"
"ubigeos_150506","140404"
"ubigeos_150505","140405"
"ubigeos_150507","140406"
"ubigeos_150508","140407"
"ubigeos_150509","140408"
"ubigeos_150510","140409"
"ubigeos_150511","140410"
"ubigeos_150512","140411"
"ubigeos_150513","140412"
"ubigeos_150514","140413"
"ubigeos_150515","140414"
"ubigeos_150516","140415"
"ubigeos_150502","140416"
"ubigeos_150801","140501"
"ubigeos_150802","140502"
"ubigeos_150803","140504"
"ubigeos_150804","140505"
"ubigeos_150805","140506"
"ubigeos_150806","140507"
"ubigeos_150807","140508"
"ubigeos_150808","140509"
"ubigeos_150809","140511"
"ubigeos_150810","140512"
"ubigeos_150811","140513"
"ubigeos_150812","140516"
"ubigeos_150701","140601"
"ubigeos_150702","140602"
"ubigeos_150703","140603"
"ubigeos_150704","140604"
"ubigeos_150724","140605"
"ubigeos_150706","140606"
"ubigeos_150705","140607"
"ubigeos_150708","140608"
"ubigeos_150709","140609"
"ubigeos_150710","140610"
"ubigeos_150711","140611"
"ubigeos_150713","140612"
"ubigeos_150714","140613"
"ubigeos_150715","140614"
"ubigeos_150716","140615"
"ubigeos_150717","140616"
"ubigeos_150718","140617"
"ubigeos_150726","140618"
"ubigeos_150720","140619"
"ubigeos_150721","140620"
"ubigeos_150722","140621"
"ubigeos_150723","140622"
"ubigeos_150725","140623"
"ubigeos_150727","140624"
"ubigeos_150728","140625"
"ubigeos_150729","140626"
"ubigeos_150730","140627"
"ubigeos_150731","140628"
"ubigeos_150732","140629"
"ubigeos_150707","140630"
"ubigeos_150712","140631"
"ubigeos_150719","140632"
"ubigeos_151001","140701"
"ubigeos_151002","140702"
"ubigeos_151003","140703"
"ubigeos_151004","140704"
"ubigeos_151005","140705"
"ubigeos_151006","140706"
"ubigeos_151007","140707"
"ubigeos_151010","140708"
"ubigeos_151011","140709"
"ubigeos_151009","140710"
"ubigeos_151013","140711"
"ubigeos_151014","140712"
"ubigeos_151015","140713"
"ubigeos_151016","140714"
"ubigeos_151017","140715"
"ubigeos_151018","140716"
"ubigeos_151019","140717"
"ubigeos_151021","140718"
"ubigeos_151022","140719"
"ubigeos_151024","140720"
"ubigeos_151025","140721"
"ubigeos_151026","140722"
"ubigeos_151027","140723"
"ubigeos_151028","140724"
"ubigeos_151029","140725"
"ubigeos_151031","140726"
"ubigeos_151030","140727"
"ubigeos_151032","140728"
"ubigeos_151033","140729"
"ubigeos_151012","140730"
"ubigeos_151020","140731"
"ubigeos_151023","140732"
"ubigeos_151008","140733"
"ubigeos_150601","140801"
"ubigeos_150602","140802"
"ubigeos_150603","140803"
"ubigeos_150604","140804"
"ubigeos_150605","140805"
"ubigeos_150606","140806"
"ubigeos_150607","140807"
"ubigeos_150608","140808"
"ubigeos_150609","140809"
"ubigeos_150612","140810"
"ubigeos_150610","140811"
"ubigeos_150611","140812"
"ubigeos_150201","140901"
"ubigeos_150202","140902"
"ubigeos_150203","140903"
"ubigeos_150204","140904"
"ubigeos_150205","140905"
"ubigeos_150901","141001"
"ubigeos_150905","141002"
"ubigeos_150903","141003"
"ubigeos_150902","141004"
"ubigeos_150906","141005"
"ubigeos_150904","141006"
"ubigeos_160101","150101"
"ubigeos_160102","150102"
"ubigeos_160103","150103"
"ubigeos_160105","150104"
"ubigeos_160106","150105"
"ubigeos_160107","150106"
"ubigeos_160109","150107"
"ubigeos_160110","150108"
"ubigeos_160104","150110"
"ubigeos_160108","150111"
"ubigeos_160112","150112"
"ubigeos_160113","150113"
"ubigeos_160114","150114"
"ubigeos_160201","150201"
"ubigeos_160202","150202"
"ubigeos_160205","150205"
"ubigeos_160206","150206"
"ubigeos_160210","150210"
"ubigeos_160211","150211"
"ubigeos_160301","150301"
"ubigeos_160302","150302"
"ubigeos_160303","150303"
"ubigeos_160305","150304"
"ubigeos_160304","150305"
"ubigeos_160501","150401"
"ubigeos_160502","150402"
"ubigeos_160503","150403"
"ubigeos_160504","150404"
"ubigeos_160505","150405"
"ubigeos_160506","150406"
"ubigeos_160507","150407"
"ubigeos_160508","150408"
"ubigeos_160509","150409"
"ubigeos_160510","150410"
"ubigeos_160511","150411"
"ubigeos_160601","150501"
"ubigeos_160606","150502"
"ubigeos_160603","150503"
"ubigeos_160604","150504"
"ubigeos_160605","150505"
"ubigeos_160602","150506"
"ubigeos_160401","150601"
"ubigeos_160402","150602"
"ubigeos_160403","150603"
"ubigeos_160404","150604"
"ubigeos_160701","150701"
"ubigeos_160706","150702"
"ubigeos_160702","150703"
"ubigeos_160703","150704"
"ubigeos_160704","150705"
"ubigeos_160705","150706"
"ubigeos_160801","150901"
"ubigeos_160802","150902"
"ubigeos_160803","150903"
"ubigeos_160804","150904"
"ubigeos_170101","160101"
"ubigeos_170102","160102"
"ubigeos_170103","160103"
"ubigeos_170104","160104"
"ubigeos_170201","160201"
"ubigeos_170202","160202"
"ubigeos_170203","160203"
"ubigeos_170204","160204"
"ubigeos_170301","160301"
"ubigeos_170302","160302"
"ubigeos_170303","160303"
"ubigeos_180101","170101"
"ubigeos_180102","170102"
"ubigeos_180103","170103"
"ubigeos_180105","170104"
"ubigeos_180106","170105"
"ubigeos_180104","170106"
"ubigeos_180201","170201"
"ubigeos_180203","170202"
"ubigeos_180202","170203"
"ubigeos_180204","170204"
"ubigeos_180205","170205"
"ubigeos_180206","170206"
"ubigeos_180207","170207"
"ubigeos_180208","170208"
"ubigeos_180209","170209"
"ubigeos_180210","170210"
"ubigeos_180211","170211"
"ubigeos_180301","170301"
"ubigeos_180302","170302"
"ubigeos_180303","170303"
"ubigeos_190101","180101"
"ubigeos_190102","180103"
"ubigeos_190103","180104"
"ubigeos_190104","180105"
"ubigeos_190105","180106"
"ubigeos_190106","180107"
"ubigeos_190107","180108"
"ubigeos_190108","180109"
"ubigeos_190109","180110"
"ubigeos_190110","180111"
"ubigeos_190111","180112"
"ubigeos_190112","180113"
"ubigeos_190113","180114"
"ubigeos_190201","180201"
"ubigeos_190202","180202"
"ubigeos_190203","180203"
"ubigeos_190204","180204"
"ubigeos_190205","180205"
"ubigeos_190206","180206"
"ubigeos_190207","180207"
"ubigeos_190208","180208"
"ubigeos_190301","180301"
"ubigeos_190302","180302"
"ubigeos_190303","180303"
"ubigeos_190306","180304"
"ubigeos_190307","180305"
"ubigeos_190305","180306"
"ubigeos_190304","180307"
"ubigeos_190308","180308"
"ubigeos_200101","190101"
"ubigeos_200104","190103"
"ubigeos_200105","190104"
"ubigeos_200109","190105"
"ubigeos_200110","190106"
"ubigeos_200111","190107"
"ubigeos_200114","190109"
"ubigeos_200107","190113"
"ubigeos_200108","190114"
"ubigeos_200115","190115"
"ubigeos_200201","190201"
"ubigeos_200202","190202"
"ubigeos_200204","190203"
"ubigeos_200205","190204"
"ubigeos_200206","190205"
"ubigeos_200208","190206"
"ubigeos_200209","190207"
"ubigeos_200210","190208"
"ubigeos_200203","190209"
"ubigeos_200207","190210"
"ubigeos_200301","190301"
"ubigeos_200302","190302"
"ubigeos_200304","190303"
"ubigeos_200307","190304"
"ubigeos_200308","190305"
"ubigeos_200303","190306"
"ubigeos_200306","190307"
"ubigeos_200305","190308"
"ubigeos_200401","190401"
"ubigeos_200402","190402"
"ubigeos_200403","190403"
"ubigeos_200405","190404"
"ubigeos_200406","190405"
"ubigeos_200408","190406"
"ubigeos_200409","190407"
"ubigeos_200404","190408"
"ubigeos_200410","190409"
"ubigeos_200407","190410"
"ubigeos_200501","190501"
"ubigeos_200502","190502"
"ubigeos_200503","190503"
"ubigeos_200505","190504"
"ubigeos_200504","190505"
"ubigeos_200506","190506"
"ubigeos_200507","190507"
"ubigeos_200601","190601"
"ubigeos_200602","190602"
"ubigeos_200604","190603"
"ubigeos_200605","190604"
"ubigeos_200606","190605"
"ubigeos_200607","190606"
"ubigeos_200608","190607"
"ubigeos_200603","190608"
"ubigeos_200701","190701"
"ubigeos_200702","190702"
"ubigeos_200703","190703"
"ubigeos_200704","190704"
"ubigeos_200706","190705"
"ubigeos_200705","190706"
"ubigeos_200801","190801"
"ubigeos_200805","190802"
"ubigeos_200803","190803"
"ubigeos_200802","190804"
"ubigeos_200804","190805"
"ubigeos_200806","190806"
"ubigeos_210101","200101"
"ubigeos_210102","200102"
"ubigeos_210104","200103"
"ubigeos_210105","200104"
"ubigeos_210107","200105"
"ubigeos_210106","200106"
"ubigeos_210108","200107"
"ubigeos_210109","200108"
"ubigeos_210110","200109"
"ubigeos_210111","200110"
"ubigeos_210113","200111"
"ubigeos_210114","200112"
"ubigeos_210115","200113"
"ubigeos_210112","200114"
"ubigeos_210103","200115"
"ubigeos_210201","200201"
"ubigeos_210202","200202"
"ubigeos_210203","200203"
"ubigeos_210204","200204"
"ubigeos_210205","200205"
"ubigeos_210206","200206"
"ubigeos_210207","200207"
"ubigeos_210208","200208"
"ubigeos_210209","200210"
"ubigeos_210210","200212"
"ubigeos_210211","200213"
"ubigeos_210212","200214"
"ubigeos_210213","200215"
"ubigeos_210214","200216"
"ubigeos_210215","200217"
"ubigeos_210301","200301"
"ubigeos_210302","200302"
"ubigeos_210303","200303"
"ubigeos_210304","200304"
"ubigeos_210305","200305"
"ubigeos_210306","200306"
"ubigeos_210307","200307"
"ubigeos_210308","200308"
"ubigeos_210309","200309"
"ubigeos_210310","200310"
"ubigeos_210401","200401"
"ubigeos_210402","200402"
"ubigeos_210403","200403"
"ubigeos_210405","200406"
"ubigeos_210406","200407"
"ubigeos_210407","200410"
"ubigeos_210404","200412"
"ubigeos_210601","200501"
"ubigeos_210602","200502"
"ubigeos_210604","200504"
"ubigeos_210605","200506"
"ubigeos_210606","200507"
"ubigeos_210607","200508"
"ubigeos_210608","200509"
"ubigeos_210603","200511"
"ubigeos_210701","200601"
"ubigeos_210702","200602"
"ubigeos_210703","200603"
"ubigeos_210704","200604"
"ubigeos_210705","200605"
"ubigeos_210706","200606"
"ubigeos_210707","200607"
"ubigeos_210708","200608"
"ubigeos_210709","200609"
"ubigeos_210710","200610"
"ubigeos_210801","200701"
"ubigeos_210802","200702"
"ubigeos_210803","200703"
"ubigeos_210804","200704"
"ubigeos_210805","200705"
"ubigeos_210806","200706"
"ubigeos_210807","200707"
"ubigeos_210808","200708"
"ubigeos_210809","200709"
"ubigeos_211201","200801"
"ubigeos_211202","200803"
"ubigeos_211203","200804"
"ubigeos_211205","200805"
"ubigeos_211204","200806"
"ubigeos_211206","200807"
"ubigeos_211207","200808"
"ubigeos_211208","200810"
"ubigeos_211209","200811"
"ubigeos_211210","200812"
"ubigeos_211101","200901"
"ubigeos_211102","200902"
"ubigeos_211103","200903"
"ubigeos_211104","200904"
"ubigeos_211105","200905"
"ubigeos_211301","201001"
"ubigeos_211307","201002"
"ubigeos_211302","201003"
"ubigeos_211303","201004"
"ubigeos_211304","201005"
"ubigeos_211305","201006"
"ubigeos_211306","201007"
"ubigeos_211001","201101"
"ubigeos_211003","201102"
"ubigeos_211004","201103"
"ubigeos_211002","201104"
"ubigeos_211005","201105"
"ubigeos_210501","201201"
"ubigeos_210503","201202"
"ubigeos_210504","201203"
"ubigeos_210502","201204"
"ubigeos_210505","201205"
"ubigeos_210901","201301"
"ubigeos_210902","201302"
"ubigeos_210904","201303"
"ubigeos_210903","201304"
"ubigeos_220101","210101"
"ubigeos_220102","210102"
"ubigeos_220103","210103"
"ubigeos_220104","210104"
"ubigeos_220105","210105"
"ubigeos_220106","210106"
"ubigeos_220401","210201"
"ubigeos_220404","210202"
"ubigeos_220405","210203"
"ubigeos_220406","210204"
"ubigeos_220402","210205"
"ubigeos_220403","210206"
"ubigeos_220501","210301"
"ubigeos_220503","210303"
"ubigeos_220504","210304"
"ubigeos_220505","210305"
"ubigeos_220506","210306"
"ubigeos_220507","210307"
"ubigeos_220509","210311"
"ubigeos_220510","210313"
"ubigeos_220511","210314"
"ubigeos_220502","210315"
"ubigeos_220508","210316"
"ubigeos_220601","210401"
"ubigeos_220602","210402"
"ubigeos_220603","210403"
"ubigeos_220604","210404"
"ubigeos_220605","210405"
"ubigeos_220801","210501"
"ubigeos_220806","210502"
"ubigeos_220808","210503"
"ubigeos_220809","210504"
"ubigeos_220804","210505"
"ubigeos_220803","210506"
"ubigeos_220807","210507"
"ubigeos_220805","210508"
"ubigeos_220802","210509"
"ubigeos_220901","210601"
"ubigeos_220902","210602"
"ubigeos_220903","210604"
"ubigeos_220904","210606"
"ubigeos_220905","210607"
"ubigeos_220906","210608"
"ubigeos_220907","210609"
"ubigeos_220908","210610"
"ubigeos_220910","210611"
"ubigeos_220911","210612"
"ubigeos_220912","210616"
"ubigeos_220913","210619"
"ubigeos_220914","210620"
"ubigeos_220909","210621"
"ubigeos_220201","210701"
"ubigeos_220206","210702"
"ubigeos_220205","210703"
"ubigeos_220202","210704"
"ubigeos_220204","210705"
"ubigeos_220203","210706"
"ubigeos_221001","210801"
"ubigeos_221002","210802"
"ubigeos_221003","210803"
"ubigeos_221004","210804"
"ubigeos_221005","210805"
"ubigeos_220701","210901"
"ubigeos_220702","210902"
"ubigeos_220703","210903"
"ubigeos_220704","210904"
"ubigeos_220705","210905"
"ubigeos_220706","210906"
"ubigeos_220707","210907"
"ubigeos_220709","210908"
"ubigeos_220710","210909"
"ubigeos_220708","210910"
"ubigeos_220301","211001"
"ubigeos_220302","211002"
"ubigeos_220305","211003"
"ubigeos_220303","211004"
"ubigeos_220304","211005"
"ubigeos_230101","220101"
"ubigeos_230103","220102"
"ubigeos_230105","220104"
"ubigeos_230106","220107"
"ubigeos_230107","220108"
"ubigeos_230108","220109"
"ubigeos_230109","220110"
"ubigeos_230102","220111"
"ubigeos_230104","220112"
"ubigeos_230110","220113"
"ubigeos_230111","220114"
"ubigeos_230401","220201"
"ubigeos_230402","220205"
"ubigeos_230403","220206"
"ubigeos_230404","220207"
"ubigeos_230405","220210"
"ubigeos_230406","220211"
"ubigeos_230407","220212"
"ubigeos_230408","220213"
"ubigeos_230301","220301"
"ubigeos_230303","220302"
"ubigeos_230302","220303"
"ubigeos_230201","220401"
"ubigeos_230202","220402"
"ubigeos_230204","220403"
"ubigeos_230205","220404"
"ubigeos_230206","220405"
"ubigeos_230203","220406"
"ubigeos_240101","230101"
"ubigeos_240102","230102"
"ubigeos_240103","230103"
"ubigeos_240104","230104"
"ubigeos_240105","230105"
"ubigeos_240106","230106"
"ubigeos_240201","230201"
"ubigeos_240202","230202"
"ubigeos_240203","230203"
"ubigeos_240301","230301"
"ubigeos_240303","230302"
"ubigeos_240304","230303"
"ubigeos_240302","230304"
"ubigeos_070101","240101"
"ubigeos_070102","240102"
"ubigeos_070105","240103"
"ubigeos_070103","240104"
"ubigeos_070104","240105"
"ubigeos_070106","240106"
"ubigeos_070107","240107"
"ubigeos_250101","250101"
"ubigeos_250105","250102"
"ubigeos_250104","250103"
"ubigeos_250102","250104"
"ubigeos_250103","250105"
"ubigeos_250106","250106"
"ubigeos_250107","250107"
"ubigeos_250301","250201"
"ubigeos_250302","250202"
"ubigeos_250303","250203"
"ubigeos_250304","250204"
"ubigeos_250305","250205"
"ubigeos_250201","250301"
"ubigeos_250203","250302"
"ubigeos_250204","250303"
"ubigeos_250202","250304"
"ubigeos_250401","250401"
